{
  "connected": true,
  "position": {
    "x": 0.006155796208448194,
    "y": -0.0598040980960719,
    "z": -1735704.3779666151
  },
  "orientation": {
    "roll": 0.0,
    "pitch": 0.0,
    "yaw": 2.500271819211895
  },
  "speed_kmh": 9.566747394273988e-13,
  "gear": "P",
  "target_speed": 0.0,
  "steering_angle": 0.0,
  "timestamp": 1753844820.2323408
}