{"connected": true, "position": {"x": 0.005887097238636314, "y": -1.062176116849796e-15, "z": 0.4353441763097901}, "orientation": {"roll": 0.0, "pitch": 0.0, "yaw": 6.205999775506871e-14}, "speed_kmh": 20.0, "gear": "D", "target_speed": 20.0, "timestamp": 1753842889.0751705}